2026-09-08 02:13:24,A01-first-word,5,nano-banana-pro
2026-09-08 02:13:24,A01-first-word,4,edit
2026-09-08 02:13:27,A01-first-word,2,nano-banana-pro
2026-09-08 02:15:44,A03-watch-vs-talk,3,nano-banana-pro
2026-09-08 02:15:46,A04-grandmas-phone,1,nano-banana-pro
2026-09-08 02:16:05,A04-grandmas-phone,2,edit
2026-09-08 02:16:05,A04-grandmas-phone,3,nano-banana-pro
2026-09-08 02:16:44,A01-first-word,3,nano-banana-pro
2026-09-08 02:16:44,A02-truck-obeys,2,edit
2026-09-08 02:16:44,A02-truck-obeys,1,edit
2026-09-08 02:17:04,A02-truck-obeys,3,edit
2026-09-08 02:17:05,A02-truck-obeys,4,edit
2026-09-08 02:17:06,A02-truck-obeys,5,edit
2026-09-08 02:17:24,A03-watch-vs-talk,1,nano-banana-pro
2026-09-08 02:17:25,A03-watch-vs-talk,2,nano-banana-pro
2026-09-08 02:17:27,A03-watch-vs-talk,4,nano-banana-pro
2026-09-08 02:17:44,A05-dad-shouts,1,nano-banana-pro
2026-09-08 02:17:45,A04-grandmas-phone,4,edit
2026-09-08 02:17:48,A05-dad-shouts,2,nano-banana-pro
2026-09-08 02:18:03,A05-dad-shouts,4,nano-banana-pro
2026-09-08 02:18:05,A05-dad-shouts,3,edit
2026-09-08 02:18:11,A06-road-of-words,1,edit
2026-09-08 02:18:23,A06-road-of-words,2,edit
2026-09-08 02:18:24,A06-road-of-words,3,edit
2026-09-08 02:18:34,A06-road-of-words,4,edit
2026-09-08 02:18:44,A06-road-of-words,5,edit
2026-09-08 02:18:44,A07-morning,1,nano-banana-pro
2026-09-08 02:18:54,A07-morning,2,nano-banana-pro
2026-09-08 02:19:04,A07-morning,4,nano-banana-pro
2026-09-08 02:19:06,A07-morning,3,edit
2026-09-08 02:19:14,A08-how-it-hears,1,nano-banana-pro
2026-09-08 02:19:23,A08-how-it-hears,2,nano-banana-pro
2026-09-08 02:19:25,A08-how-it-hears,3,nano-banana-pro
2026-09-08 02:19:37,A08-how-it-hears,4,edit
2026-09-08 02:19:44,A09-mom-jealous,1,edit
2026-09-08 02:19:44,A09-mom-jealous,2,nano-banana-pro
2026-09-08 02:19:57,A09-mom-jealous,3,nano-banana-pro
2026-09-08 02:20:03,A09-mom-jealous,4,nano-banana-pro
2026-09-08 02:20:04,A10-therapist,1,nano-banana-pro
2026-09-08 02:20:18,A10-therapist,2,edit
2026-09-08 02:20:22,A10-therapist,3,nano-banana-pro
2026-09-08 02:20:25,A10-therapist,4,nano-banana-pro
2026-09-08 02:23:48,A01-first-word,1,nano-banana-pro
2026-09-08 12:31:41,B01-bedtime,2,edit
2026-09-08 12:31:44,B01-bedtime,1,nano-banana-pro
2026-09-08 12:31:45,B01-bedtime,3,nano-banana-pro
2026-09-08 12:32:08,B01-bedtime,5,nano-banana-pro
2026-09-08 12:32:12,B02-big-sister,1,nano-banana-pro
2026-09-08 12:32:32,B01-bedtime,4,edit
2026-09-08 12:32:33,B02-big-sister,2,nano-banana-pro
2026-09-08 12:32:35,B02-big-sister,3,edit
2026-09-08 12:33:00,B03-playground,1,nano-banana-pro
2026-09-08 12:33:01,B03-playground,2,edit
2026-09-08 12:33:02,B02-big-sister,4,nano-banana-pro
2026-09-08 12:33:28,B03-playground,3,nano-banana-pro
2026-09-08 12:33:29,B04-toy-comes-alive,1,edit
2026-09-08 12:33:48,B03-playground,4,edit
2026-09-08 12:33:56,B04-toy-comes-alive,3,edit
2026-09-08 12:33:57,B04-toy-comes-alive,2,nano-banana-pro
2026-09-08 12:34:19,B04-toy-comes-alive,5,nano-banana-pro
2026-09-08 12:34:20,B04-toy-comes-alive,4,edit
2026-09-08 12:34:20,B05-grandpa-garage,1,nano-banana-pro
2026-09-08 12:34:43,B05-grandpa-garage,3,nano-banana-pro
2026-09-08 12:34:46,B05-grandpa-garage,4,edit
2026-09-08 12:35:08,B05-grandpa-garage,2,edit
2026-09-08 12:35:13,B06-red-light,2,edit
2026-09-08 12:35:14,B06-red-light,1,nano-banana-pro
2026-09-08 12:35:33,B06-red-light,3,nano-banana-pro
2026-09-08 12:35:37,B06-red-light,4,nano-banana-pro
2026-09-08 12:35:40,B07-garage-dawn,1,edit
2026-09-08 12:35:58,B07-garage-dawn,2,edit
2026-09-08 12:35:58,B07-garage-dawn,3,nano-banana-pro
2026-09-08 12:36:15,B07-garage-dawn,4,edit
2026-09-08 12:36:22,B08-yard-wash,1,nano-banana-pro
2026-09-08 12:36:26,B08-yard-wash,2,edit
2026-09-08 12:36:39,B08-yard-wash,3,nano-banana-pro
2026-09-08 12:36:43,B08-yard-wash,4,edit
2026-09-08 12:36:53,B08-yard-wash,5,nano-banana-pro
2026-09-08 12:37:19,B09-silence,3,nano-banana-pro
2026-09-08 12:37:20,B09-silence,2,edit
2026-09-08 12:37:20,B09-silence,1,nano-banana-pro
2026-09-08 12:37:42,B10-dad-home,1,nano-banana-pro
2026-09-08 12:37:44,B10-dad-home,2,nano-banana-pro
2026-09-08 12:37:49,B09-silence,4,edit
2026-09-08 12:38:08,B10-dad-home,3,edit
2026-09-08 12:38:38,B10-dad-home,4,nano-banana-pro
